/pirateradio/1990s_Nostalgic_Atmospheres_6QOUNvMX_ws.mp3,69,38
/pirateradio/Eyeliner_Buy_Now_Vapor_Memory.mp3,57,13
/pirateradio/Relaxing_The_Sims_1_Music_Nightlife_Ambience.mp3,49,48
/pirateradio/Macroblank_Plastic_Fables_2021_Year_End_Mix.mp3,49,40
/pirateradio/Madvilin_All_Caps.m4a,59,21
/pirateradio/Macroblank_ODESSA.mp3,61,63
/pirateradio/luxury_elite_world_class.mp3,15,17
/pirateradio/Reishi.m4a,40,29
/pirateradio/Kicks_carnaval_1980.mp3,61,81
/pirateradio/Macroblak_system_residue.mp3,50,51
